_StoreID,City Name,County,StateCode,State,Type,Latitude,Longitude,AreaCode,Population,Household Income,Median Income,Land Area,Water Area,Time Zone
1,Birmingham,Shelby County/Jefferson County,AL,Alabama,City,33.52744,-86.79905,205,212461,89972,31061,378353942,6591013,America/Chicago
2,Huntsville,Limestone County/Madison County,AL,Alabama,City,34.69901,-86.67298,256,190582,78554,48775,552604579,3452021,America/Chicago
3,Mobile,Mobile County,AL,Alabama,City,30.69436,-88.04305,251,194288,76170,38776,361044263,105325210,America/Chicago
4,Montgomery,Montgomery County,AL,Alabama,City,32.36681,-86.29997,334,200602,79866,42927,413985435,4411954,America/Chicago
5,Little Rock,Pulaski County,AR,Arkansas,City,34.74648,-92.28959,501,197992,79902,46085,307398785,6758644,America/Chicago
6,Chandler,Maricopa County,AZ,Arizona,City,33.30616,-111.84125,480,260828,88973,72695,168153308,260378,America/Phoenix
7,Gilbert,Maricopa County,AZ,Arizona,Town,33.35283,-111.78903,480,247542,73617,82424,176124143,510475,America/Phoenix
8,Glendale,Maricopa County,AZ,Arizona,City,33.53865,-112.18599,623,240126,79152,46776,153029354,1003996,America/Phoenix
9,Mesa,Maricopa County,AZ,Arizona,City,33.42227,-111.82264,480,471825,168914,48809,357097953,1950781,America/Phoenix
10,Peoria,Maricopa County/Yavapai County,AZ,Arizona,City,33.7862,-112.30801,928,171237,58588,65314,455011748,8864869,America/Phoenix
11,Phoenix,Maricopa County,AZ,Arizona,City,33.44838,-112.07404,602,1563025,525610,47326,1340692038,3247104,America/Phoenix
12,Scottsdale,Maricopa County,AZ,Arizona,City,33.50921,-111.89903,480,236839,102424,73288,476410748,1220280,America/Phoenix
13,Surprise,Maricopa County,AZ,Arizona,City,33.63059,-112.33322,623,128422,45054,59916,279333692,295024,America/Phoenix
14,Tempe,Maricopa County,AZ,Arizona,City,33.41477,-111.90931,480,175826,64810,49012,103510700,674096,America/Phoenix
15,Tucson,Pima County,AZ,Arizona,City,32.22174,-110.92648,520,531641,206342,37149,597790363,819492,America/Phoenix
16,Anaheim,Orange County,CA,California,City,33.83529,-117.9145,657,350742,99670,60752,129438076,2457142,America/Los Angeles
17,Antioch,Contra Costa County,CA,California,City,38.00492,-121.80579,925,110542,33718,64329,76173197,1842711,America/Los Angeles
18,Bakersfield,Kern County,CA,California,City,35.37329,-119.01871,661,373640,112439,57095,385366784,3809676,America/Los Angeles
19,Berkeley,Alameda County,CA,California,City,37.87159,-122.27275,510,120972,45917,66237,27106077,18715614,America/Los Angeles
20,Burbank,Los Angeles County,CA,California,City,34.18084,-118.30897,818,105319,41361,66076,44947219,94286,America/Los Angeles
21,Carlsbad,San Diego County,CA,California,City,33.15809,-117.35059,760,113453,42791,90597,97713477,3595655,America/Los Angeles
22,Chula Vista,San Diego County,CA,California,City,32.64,-117.08417,619,265757,78066,65185,128544440,6380135,America/Los Angeles
23,Clovis,Fresno County,CA,California,City,36.82523,-119.70292,559,104180,34512,62666,62693928,0,America/Los Angeles
24,Concord,Contra Costa County,CA,California,City,37.97798,-122.03107,925,128667,45409,68318,79108534,0,America/Los Angeles
25,Corona,Riverside County,CA,California,City,33.87529,-117.56644,951,164226,48156,74149,102233537,211897,America/Los Angeles
26,Costa Mesa,Orange County,CA,California,City,33.64113,-117.91867,949,113204,40908,66459,40723584,211253,America/Los Angeles
27,Daly City,San Mateo County,CA,California,City,37.70583,-122.46194,650,106562,31137,74449,19788422,0,America/Los Angeles
28,Downey,Los Angeles County,CA,California,City,33.94001,-118.13257,562,114219,32738,62897,32136795,414376,America/Los Angeles
29,East Los Angeles,Los Angeles County,CA,California,CDP,34.0239,-118.17202,323,127610,31400,38766,19298247,11013,America/Los Angeles
30,El Cajon,San Diego County,CA,California,City,32.79477,-116.96253,619,103679,32564,45925,37516310,0,America/Los Angeles
31,Elk Grove,Sacramento County,CA,California,City,38.4088,-121.37162,916,166913,49316,79487,109287233,120267,America/Los Angeles
32,El Monte,Los Angeles County,CA,California,City,34.06862,-118.02757,626,116732,30752,38085,24766390,221652,America/Los Angeles
33,Escondido,San Diego County,CA,California,City,33.11921,-117.08642,760,151451,45041,50899,96015101,455887,America/Los Angeles
34,Fairfield,Solano County,CA,California,City,38.24936,-122.03997,707,112970,34623,67364,105971964,696390,America/Los Angeles
35,Fontana,San Bernardino County,CA,California,City,34.09223,-117.43505,909,207460,49975,64824,111418803,0,America/Los Angeles
36,Fremont,Alameda County,CA,California,City,37.54827,-121.98857,510,232206,72684,105355,200632984,26291597,America/Los Angeles
37,Fresno,Fresno County,CA,California,City,36.74773,-119.77237,559,520052,161914,41531,296267437,732167,America/Los Angeles
38,Fullerton,Orange County,CA,California,City,33.87029,-117.92534,657,140847,45031,65974,58100816,28063,America/Los Angeles
39,Garden Grove,Orange County,CA,California,City,33.77391,-117.94145,657,175393,46998,58449,46508935,45894,America/Los Angeles
40,Glendale,Los Angeles County,CA,California,City,34.14251,-118.25508,818,201020,71498,52574,78818661,337115,America/Los Angeles
41,Hayward,Alameda County,CA,California,City,37.66882,-122.0808,510,158289,46713,65096,117943767,47363956,America/Los Angeles
42,Huntington Beach,Orange County,CA,California,City,33.6603,-117.99923,657,201899,74460,83252,69762694,13438927,America/Los Angeles
43,Inglewood,Los Angeles County,CA,California,City,33.96168,-118.35313,424,111666,36667,42044,23485845,63502,America/Los Angeles
44,Irvine,Orange County,CA,California,City,33.66946,-117.82311,949,256927,87235,92278,169856564,885912,America/Los Angeles
45,Jurupa Valley,Riverside County,CA,California,City,34.00259,-117.46761,951,100314,24839,57749,111216400,1914744,America/Los Angeles
46,Lancaster,Los Angeles County,CA,California,City,34.69804,-118.13674,661,161103,47427,47225,244230402,681671,America/Los Angeles
47,Long Beach,Los Angeles County,CA,California,City,33.76696,-118.18923,562,474140,164406,52783,130317967,3004950,America/Los Angeles
48,Los Angeles,Los Angeles County,CA,California,City,34.05223,-118.24368,213,3971883,1342761,50205,1214027148,88124562,America/Los Angeles
49,Modesto,Stanislaus County,CA,California,City,37.6391,-120.99688,209,211266,70481,48577,111285594,4760783,America/Los Angeles
50,Moreno Valley,Riverside County,CA,California,City,33.93752,-117.23059,951,204198,51693,54590,132800801,504194,America/Los Angeles
51,Murrieta,Riverside County,CA,California,City,33.55391,-117.21392,951,109830,32685,74610,87023902,93770,America/Los Angeles
52,Norwalk,Los Angeles County,CA,California,City,33.90224,-118.08173,562,107140,27225,59756,25145023,101802,America/Los Angeles
53,Oakland,Alameda County,CA,California,City,37.80437,-122.2708,510,419267,158424,54618,144762241,56897826,America/Los Angeles
54,Oceanside,San Diego County,CA,California,City,33.19587,-117.37948,760,175691,60493,57703,106841893,2392242,America/Los Angeles
55,Ontario,San Bernardino County,CA,California,City,34.06334,-117.65089,909,171214,47375,54114,129329742,159101,America/Los Angeles
56,Orange,Orange County,CA,California,City,33.78779,-117.85311,657,140992,42680,78513,65677897,1134748,America/Los Angeles
57,Oxnard,Ventura County,CA,California,City,34.1975,-119.17705,805,207254,50815,60621,69672461,31875278,America/Los Angeles
58,Palmdale,Los Angeles County,CA,California,City,34.57943,-118.11646,661,158351,42720,52392,274452754,633935,America/Los Angeles
59,Pasadena,Los Angeles County,CA,California,City,34.14778,-118.14452,626,142250,54536,72402,59524677,377058,America/Los Angeles
60,Pomona,Los Angeles County,CA,California,City,34.05529,-117.75228,909,153266,39378,49186,59446734,26188,America/Los Angeles
61,Rancho Cucamonga,San Bernardino County,CA,California,City,34.1064,-117.59311,909,175236,55240,77396,103562370,24723,America/Los Angeles
62,Rialto,San Bernardino County,CA,California,City,34.1064,-117.37032,909,103132,25199,50971,57824783,36883,America/Los Angeles
63,Richmond,Contra Costa County,CA,California,City,37.93576,-122.34775,510,109708,36973,55102,77834895,58171749,America/Los Angeles
64,Riverside,Riverside County,CA,California,City,33.95333,-117.39611,951,322424,91267,57196,210379895,801713,America/Los Angeles
65,Roseville,Placer County,CA,California,City,38.75212,-121.28801,916,130269,46547,75867,111337848,3366,America/Los Angeles
66,Sacramento,Sacramento County,CA,California,City,38.58157,-121.4944,530,490712,178185,50739,253621861,5651667,America/Los Angeles
67,Salinas,Monterey County,CA,California,City,36.67774,-121.6555,831,157380,40892,49840,61150707,98696,America/Los Angeles
68,San Bernardino,San Bernardino County,CA,California,City,34.10834,-117.28977,909,216108,57580,37047,159326695,1126214,America/Los Angeles
69,San Buenaventura (Ventura),Ventura County,CA,California,City,34.26778,-119.25421,805,109708,41029,66995,56500370,27033715,America/Los Angeles
70,San Diego,San Diego County,CA,California,City,32.71533,-117.15726,619,1394928,485091,66116,842252395,122244773,America/Los Angeles
71,San Francisco,San Francisco County,CA,California,City,37.775,-122.41944,415,864816,353287,81294,121455687,479136515,America/Los Angeles
72,San Jose,Santa Clara County,CA,California,City,37.33939,-121.89496,408,1026908,314297,84647,459749746,7803332,America/Los Angeles
73,San Mateo,San Mateo County,CA,California,City,37.56299,-122.32553,650,103536,37861,90208,31415730,9721639,America/Los Angeles
74,Santa Ana,Orange County,CA,California,City,33.74557,-117.86783,949,335400,74757,52253,70306781,638460,America/Los Angeles
75,Santa Clara,Santa Clara County,CA,California,City,37.35411,-121.95524,408,126215,43433,98914,47678886,0,America/Los Angeles
76,Santa Clarita,Los Angeles County,CA,California,City,34.39166,-118.54259,661,182371,59247,83554,136645644,131952,America/Los Angeles
77,Santa Maria,Santa Barbara County,CA,California,City,34.95303,-120.43572,805,105093,27365,50433,59005328,1648788,America/Los Angeles
78,Santa Rosa,Sonoma County,CA,California,City,38.44047,-122.71443,707,174972,64088,61050,106947059,531185,America/Los Angeles
79,Simi Valley,Ventura County,CA,California,City,34.26945,-118.78148,805,126788,41972,90210,107421127,1984799,America/Los Angeles
80,Stockton,San Joaquin County,CA,California,City,37.9577,-121.29078,209,305658,92440,44797,159717213,7984586,America/Los Angeles
81,Sunnyvale,Santa Clara County,CA,California,City,37.36883,-122.03635,408,151754,55094,105401,56936612,1817655,America/Los Angeles
82,Temecula,Riverside County,CA,California,City,33.49364,-117.14836,951,112011,32835,79925,96518165,30591,America/Los Angeles
83,Thousand Oaks,Ventura County,CA,California,City,34.17056,-118.8375,805,129339,45912,100946,142919822,387875,America/Los Angeles
84,Torrance,Los Angeles County,CA,California,City,33.83585,-118.34063,424,148475,55377,79549,53038407,194217,America/Los Angeles
85,Vallejo,Solano County,CA,California,City,38.10409,-122.25664,707,121253,41216,57028,79438815,48871171,America/Los Angeles
86,Victorville,San Bernardino County,CA,California,City,34.53611,-117.29116,760,122225,31886,45894,189919736,1459026,America/Los Angeles
87,Visalia,Tulare County,CA,California,City,36.33023,-119.29206,559,130104,41730,52157,97057436,51434,America/Los Angeles
88,Vista,San Diego County,CA,California,City,33.20004,-117.24254,760,100890,30451,50601,48380231,0,America/Los Angeles
89,West Covina,Los Angeles County,CA,California,City,34.06862,-117.93895,626,108484,30816,69189,41546642,124507,America/Los Angeles
90,Arvada,Jefferson County/Adams County,CO,Colorado,City,39.83373,-105.15031,303,115368,44615,69938,100047257,1882996,America/Denver
91,Aurora,Adams County/Douglas County/Arapahoe County,CO,Colorado,City,39.688,-104.68974,303,359407,124031,53011,397624166,1731418,America/Denver
92,Boulder,Boulder County,CO,Colorado,City,40.01499,-105.27055,303,107349,42165,58484,64333756,2612601,America/Denver
93,Centennial,Arapahoe County,CO,Colorado,City,39.57916,-104.87692,303,109741,38991,91941,76525641,381964,America/Denver
94,Colorado Springs,El Paso County,CO,Colorado,City,38.83388,-104.82136,719,456568,174441,54527,506667557,947196,America/Denver
95,Denver,Denver County,CO,Colorado,City,39.73915,-104.9847,303,682545,275795,53637,397133930,4225831,America/Denver
96,Fort Collins,Larimer County,CO,Colorado,City,40.58526,-105.08442,970,161175,58918,55647,144576803,3196479,America/Denver
97,Greeley,Weld County,CO,Colorado,City,40.42331,-104.70913,970,100883,33774,48813,123893579,314890,America/Denver
98,Highlands Ranch,Douglas County,CO,Colorado,CDP,39.55388,-104.96943,303,101350,37157,108570,62856809,70330,America/Denver
99,Lakewood,Jefferson County,CO,Colorado,City,39.70471,-105.08137,303,152597,63159,56954,111039036,3056315,America/Denver
100,Pueblo,Pueblo County,CO,Colorado,City,38.25445,-104.60914,719,109412,43249,34550,138802381,2033674,America/Denver
101,Thornton,Adams County/Weld County,CO,Colorado,City,39.91942,-104.94281,303,133451,42679,66948,92549444,2767648,America/Denver
102,Westminster,Jefferson County/Adams County,CO,Colorado,City,39.88219,-105.06443,303,113130,42239,67081,82177513,6010635,America/Denver
103,Bridgeport,Fairfield County,CT,Connecticut,City,41.16704,-73.20483,203,147629,50367,41801,41591056,8721419,America/New York
104,Bridgeport (Town),Fairfield County,CT,Connecticut,Town,41.18739,-73.19576,203,147629,50367,41801,41591056,8721419,America/New York
105,Hartford,Hartford County,CT,Connecticut,City,41.76371,-72.68509,959,124006,45239,30630,45016120,1748078,America/New York
106,Hartford (Town),Hartford County,CT,Connecticut,Town,41.76593,-72.68158,959,124006,45239,30630,45016120,1748078,America/New York
107,New Haven,New Haven County,CT,Connecticut,City,41.30815,-72.92816,203,130322,49771,37192,48407373,3739487,America/New York
108,New Haven (Town),New Haven County,CT,Connecticut,Town,41.31081,-72.92495,203,130322,49771,37192,48407373,3739487,America/New York
109,Stamford,Fairfield County,CT,Connecticut,City,41.05343,-73.53873,203,128874,46974,79359,97430571,37323740,America/New York
110,Stamford (Town),Fairfield County,CT,Connecticut,Town,41.07986,-73.54603,203,128874,46974,79359,97430571,37323740,America/New York
111,Waterbury,New Haven County,CT,Connecticut,City,41.55815,-73.0515,203,108802,40213,40467,73880017,1086045,America/New York
112,Waterbury (Town),New Haven County,CT,Connecticut,Town,41.5585,-73.03668,203,108802,40213,40467,73880017,1086045,America/New York
113,Washington,District of Columbia,DC,District of Columbia,City,38.9041,-77.01723,202,672228,273390,70848,158364992,18633403,America/New York
114,Brandon,Hillsborough County,FL,Florida,CDP,27.9378,-82.28592,813,106604,40453,56464,85738633,4903052,America/New York
115,Cape Coral,Lee County,FL,Florida,City,26.56285,-81.94953,941,175229,58967,50536,273544395,35010453,America/New York
116,Clearwater,Pinellas County,FL,Florida,City,27.97895,-82.76657,727,113003,46234,44198,67027321,36469162,America/New York
117,Coral Springs,Broward County,FL,Florida,City,26.27119,-80.2706,954,129485,40571,66430,61625913,520928,America/New York
118,Davie,Broward County,FL,Florida,Town,26.06287,-80.2331,954,100882,33707,59680,90395673,2163582,America/New York
119,Fort Lauderdale,Broward County,FL,Florida,City,26.12231,-80.14338,954,178590,73446,50778,89672308,4372775,America/New York
120,Gainesville,Alachua County,FL,Florida,City,29.65163,-82.32483,352,130128,47968,31818,161411152,3017660,America/New York
121,Hialeah,Miami-Dade County,FL,Florida,City,25.8576,-80.27811,305,237069,69219,29249,55623172,3481216,America/New York
122,Hollywood,Broward County,FL,Florida,City,26.0112,-80.14949,954,149728,55823,46791,70639073,8937087,America/New York
123,Jacksonville,Duval County,FL,Florida,City,30.33218,-81.65565,904,868031,318575,46764,1935873371,329424471,America/New York
124,Lakeland,Polk County,FL,Florida,City,28.03947,-81.9498,863,104401,39376,39706,170700664,23355418,America/New York
125,Lehigh Acres,Lee County,FL,Florida,CDP,26.62535,-81.6248,941,106747,31831,40226,239916420,3912093,America/New York
126,Miami,Miami-Dade County,FL,Florida,City,25.77427,-80.19366,305,441003,157347,31051,93204587,51995800,America/New York
127,Miami Gardens,Miami-Dade County,FL,Florida,City,25.94204,-80.2456,305,113187,31003,38253,47236363,2016214,America/New York
128,Miramar,Broward County,FL,Florida,City,25.98731,-80.23227,954,137132,38474,65282,76095016,4917826,America/New York
129,Orlando,Orange County,FL,Florida,City,28.53834,-81.37924,407,270934,105359,42318,272512582,22100434,America/New York
130,Palm Bay,Brevard County,FL,Florida,City,28.03446,-80.58866,321,107888,37821,43163,170217927,8124203,America/New York
131,Pembroke Pines,Broward County,FL,Florida,City,26.00315,-80.22394,954,166611,56171,61279,85539498,5033092,America/New York
132,Pompano Beach,Broward County,FL,Florida,City,26.23786,-80.12477,954,107762,41422,41321,62261002,1737713,America/New York
133,Port St. Lucie,St. Lucie County,FL,Florida,City,27.29393,-80.35033,772,179413,59221,49813,307920898,4193519,America/New York
134,Spring Hill,Hernando County,FL,Florida,CDP,28.47689,-82.52546,352,100270,39038,41308,154983928,6194314,America/New York
135,St. Petersburg,Pinellas County,FL,Florida,City,27.77086,-82.67927,727,257083,105443,45748,159935822,196559588,America/New York
136,Tallahassee,Leon County,FL,Florida,City,30.43826,-84.28073,850,189907,74388,39681,260089732,8300437,America/New York
137,Tampa,Hillsborough County,FL,Florida,City,27.94752,-82.45843,813,369075,142232,44185,293748385,160056620,America/New York
138,West Palm Beach,Palm Beach County,FL,Florida,City,26.71534,-80.05337,561,106779,41474,45800,142798170,6628847,America/New York
139,Athens,Clarke County,GA,Georgia,Unified Government,33.95219,-83.36715,706,123912,45389,39464,308738452,4741286,America/New York
140,Atlanta,DeKalb County/Fulton County,GA,Georgia,City,33.76291,-84.42267,678,463878,185820,47527,345684978,2311315,America/New York
141,Augusta,Richmond County,GA,Georgia,Consolidated Government,33.36149,-82.075,706,201793,73917,39464,840008393,11042219,America/New York
142,Columbus,Muscogee County,GA,Georgia,City,32.46098,-84.98771,706,200579,72760,42306,560530243,11873622,America/New York
143,Macon,Bibb County,GA,Georgia,Other,32.80884,-83.69419,478,153515,57025,36568,645603627,14488557,America/New York
144,Sandy Springs,Fulton County,GA,Georgia,City,33.92427,-84.37854,678,105330,43058,63917,97526360,2245984,America/New York
145,Savannah,Chatham County,GA,Georgia,City,32.08354,-81.09983,912,145674,52798,36466,268318796,13908113,America/New York
146,Honolulu,Honolulu County,HI,Hawaii,CDP,21.32435,-157.84764,808,352769,127177,61442,156812572,20481895,Pacific/Honolulu
147,Cedar Rapids,Linn County,IA,Iowa,City,42.00833,-91.64407,319,130405,53328,53581,183340874,3295742,America/Chicago
148,Davenport,Scott County,IA,Iowa,City,41.52364,-90.57764,563,102582,41100,47343,162885999,5501339,America/Chicago
149,Des Moines,Warren County/Polk County,IA,Iowa,City,41.57259,-93.61024,515,210330,81717,46290,230329944,4657227,America/Chicago
150,Boise City,Ada County,ID,Idaho,City,43.6135,-116.20345,208,218281,86916,50323,212601021,1845301,America/Boise
151,Aurora,Kendall County/Kane County/Will County/DuPage County,IL,Illinois,City,41.76346,-88.2901,630,200661,61449,63090,116273603,2278285,America/Chicago
152,Aurora (Township),Kane County,IL,Illinois,Township,41.76887,-88.31893,630,148308,44798,49797,89841331,1727843,America/Chicago
153,Bloomingdale (Township),DuPage County,IL,Illinois,Township,41.94563,-88.08462,630,113024,40097,68474,88284784,3206299,America/Chicago
154,Bremen,Cook County,IL,Illinois,Township,41.60156,-87.73503,708,110683,40159,55902,97756706,295143,America/Chicago
155,Capital,Sangamon County,IL,Illinois,Township,39.79106,-89.64457,217,116358,50476,49925,154319522,16272442,America/Chicago
156,Chicago,Cook County/DuPage County,IL,Illinois,City,41.83755,-87.68184,773,2720546,1035436,48522,588808396,17615206,America/Chicago
157,Downers Grove (Township),DuPage County,IL,Illinois,Township,41.7543,-87.97753,630,149401,56956,81535,128386816,3508803,America/Chicago
158,Elgin,Cook County/Kane County,IL,Illinois,City,42.03964,-88.32171,847,112111,35075,60499,96981130,1272788,America/Chicago
159,Elgin (Township),Kane County,IL,Illinois,Township,42.0261,-88.31822,847,104288,33089,63609,82722594,1676406,America/Chicago
160,Hanover,Cook County,IL,Illinois,Township,42.02803,-88.20364,847,101296,32297,73620,86551770,624095,America/Chicago
161,Joliet,Kendall County/Will County,IL,Illinois,City,41.5177,-88.14885,815,147861,46895,60976,166876584,1718805,America/Chicago
162,Lisle (Township),DuPage County,IL,Illinois,Township,41.77193,-88.09209,630,119818,45377,86610,91532435,1583080,America/Chicago
163,Lyons (Township),Cook County,IL,Illinois,Township,41.77475,-87.8596,708,112890,39769,66065,94153993,1462083,America/Chicago
164,Maine,Cook County,IL,Illinois,Township,42.03353,-87.86441,847,136667,50680,65608,67114018,640546,America/Chicago
165,Milton,DuPage County,IL,Illinois,Township,41.85857,-88.08948,630,118844,43510,84039,88967140,2353781,America/Chicago
166,Naperville,Will County/DuPage County,IL,Illinois,City,41.74917,-88.16202,630,147100,50073,109468,100155901,1471160,America/Chicago
167,Naperville (Township),DuPage County,IL,Illinois,Township,41.76635,-88.2009,630,102708,37133,88282,90385339,2423679,America/Chicago
168,Niles (Township),Cook County,IL,Illinois,Township,42.03209,-87.75778,847,106229,37478,69857,55058020,0,America/Chicago
169,Palatine (Township),Cook County,IL,Illinois,Township,42.11125,-88.0644,847,114057,42938,77545,92499527,989285,America/Chicago
170,Peoria,Peoria County,IL,Illinois,City,40.69365,-89.58899,309,115070,47239,45552,124916605,5748402,America/Chicago
171,Peoria City,Peoria County,IL,Illinois,Township,40.74495,-89.60964,309,104291,43267,42041,104884817,5748402,America/Chicago
172,Proviso,Cook County,IL,Illinois,Township,41.86472,-87.87119,708,151772,54255,53281,76908074,254,America/Chicago
173,Rockford,Winnebago County/Ogle County,IL,Illinois,City,42.25884,-89.06455,815,148278,58559,38716,164382960,2627885,America/Chicago
174,Rockford (Township),Winnebago County,IL,Illinois,Township,42.24868,-89.07452,815,173110,69780,40391,287475255,4720906,America/Chicago
175,Schaumburg (Township),Cook County,IL,Illinois,Township,42.02911,-88.08951,630,132162,49006,74034,79648612,555721,America/Chicago
176,Springfield,Sangamon County,IL,Illinois,City,39.80172,-89.64371,217,116565,50575,49868,155637192,16272442,America/Chicago
177,Thornton (Township),Cook County,IL,Illinois,Township,41.60127,-87.60032,708,169468,62380,41024,121463504,1255264,America/Chicago
178,Wheeling (Township),Cook County,IL,Illinois,Township,42.10987,-87.94458,847,155286,59425,73977,92979678,317743,America/Chicago
179,Worth (Township),Cook County,IL,Illinois,Township,41.69043,-87.74383,708,152861,56788,54124,82397386,875755,America/Chicago
180,York,DuPage County,IL,Illinois,Township,41.86177,-87.9761,630,125730,47997,76285,90808706,1568158,America/Chicago
181,Calumet,Lake County,IN,Indiana,Township,41.58533,-87.35516,219,100453,39770,31332,158624821,19428725,America/Chicago
182,Center,Marion County,IN,Indiana,Township,39.77485,-86.13949,317,147837,59947,27572,108522566,2102238,America/Indiana/Indianapolis
183,Evansville,Vanderburgh County,IN,Indiana,City,37.97476,-87.55585,812,119943,51271,35785,122628548,1274315,America/Chicago
184,Fort Wayne,Allen County,IN,Indiana,City,41.1306,-85.12886,260,260326,102273,43774,286488211,549748,America/Indiana/Indianapolis
185,Indianapolis,Marion County.,IN,Indiana,City,39.778,-86.14584,317,862781,316037,51682,949109238,16893545,America/Indiana/Indianapolis
186,Lawrence (Township),Marion County,IN,Indiana,Township,39.8716,-86.01156,317,123397,48011,50411,121424443,4188930,America/Indiana/Indianapolis
187,North,Lake County,IN,Indiana,Township,41.61329,-87.47085,219,157105,58240,44334,137725287,14822486,America/Chicago
188,Perry,Marion County,IN,Indiana,Township,39.67674,-86.15616,317,113236,44154,44302,118291390,259404,America/Indiana/Indianapolis
189,South Bend,St. Joseph County,IN,Indiana,City,41.68338,-86.25001,574,101516,39448,34523,107226145,1077799,America/Indiana/Indianapolis
190,Warren,Marion County,IN,Indiana,Township,39.77514,-86.01718,317,103365,38889,41504,125067149,209265,America/Indiana/Indianapolis
191,Washington,Marion County,IN,Indiana,Township,39.87632,-86.14291,317,137215,58263,50615,125858508,2908711,America/Indiana/Indianapolis
192,Wayne,Allen County,IN,Indiana,Township,41.05238,-85.16209,260,106185,41596,32194,109127525,317390,America/Indiana/Indianapolis
193,Wayne,Marion County,IN,Indiana,Township,39.77186,-86.26094,317,142010,52540,35884,126591941,1036389,America/Indiana/Indianapolis
194,Kansas City,Wyandotte County,KS,Kansas,City,39.11417,-94.62746,913,151306,54629,38749,323260927,9232017,America/Chicago
195,Olathe,Johnson County,KS,Kansas,City,38.8814,-94.81913,913,134305,45742,77335,157638037,1946472,America/Chicago
196,Overland Park,Johnson County,KS,Kansas,City,38.98223,-94.67079,913,186515,74830,72463,194562941,1309517,America/Chicago
197,Topeka,Shawnee County,KS,Kansas,City,39.04833,-95.67804,785,127265,52711,42250,159180160,3400123,America/Chicago
198,Wichita,Sedgwick County,KS,Kansas,City,37.69224,-97.33754,316,389965,150683,45947,415365564,11294497,America/Chicago
199,Lexington-Fayette,Fayette County,KY,Kentucky,"Urban County ",38.0498,-84.45855,859,314488,125752,49778,734642357,4922241,America/New York
200,Louisville,Jefferson County,KY,Kentucky,City,38.25424,-85.75941,502,760026,0,0,159116437,12579358,America/New York
201,Baton Rouge,East Baton Rouge Parish,LA,Louisiana,City,30.45075,-91.15455,225,228590,88476,39876,222547923,5682680,America/Chicago
202,Lafayette,Lafayette Parish,LA,Louisiana,City,30.22409,-92.01984,337,127657,50025,46517,139369271,259576,America/Chicago
203,Metairie,Jefferson Parish,LA,Louisiana,CDP,29.98409,-90.15285,504,140074,59557,52421,60144259,109317,America/Chicago
204,New Orleans,Orleans Parish,LA,Louisiana,City,29.95465,-90.07507,504,389617,153140,36792,438799508,467299606,America/Chicago
205,Shreveport,Caddo Parish/Bossier Parish,LA,Louisiana,City,32.46688,-93.79219,318,197204,77500,38583,277484105,39395075,America/Chicago
206,Boston,Suffolk County,MA,Massachusetts,City,42.35843,-71.05977,857,667137,256294,55777,125219114,106849577,America/New York
207,Cambridge,Middlesex County,MA,Massachusetts,City,42.3751,-71.10561,857,110402,43801,79416,16556713,1861901,America/New York
208,Lowell,Middlesex County,MA,Massachusetts,City,42.63342,-71.31617,351,110699,38489,48002,35187375,2442614,America/New York
209,Springfield,Hampden County,MA,Massachusetts,City,42.10148,-72.58981,413,154341,55644,34728,82538680,3142825,America/New York
210,Worcester,Worcester County,MA,Massachusetts,City,42.26259,-71.80229,774,184815,68576,45472,96758525,2814766,America/New York
211,Baltimore,Baltimore city,MD,Maryland,City,39.29038,-76.61219,410,621849,242268,42241,209643557,28767622,America/New York
212,Columbia,Howard County,MD,Maryland,CDP,39.24038,-76.83942,410,102116,39893,100849,82691135,667179,America/New York
213,Ann Arbor,Washtenaw County,MI,Michigan,City,42.27087,-83.72633,734,117070,47179,55990,72727009,2254528,America/Detroit
214,Detroit,Wayne County,MI,Michigan,City,42.33143,-83.04575,313,677116,255740,25764,359360867,10667144,America/Detroit
215,Grand Rapids,Kent County,MI,Michigan,City,42.96336,-85.66809,616,195097,73026,40355,115103540,2252017,America/Detroit
216,Lansing,Clinton County/Ingham County/Eaton County,MI,Michigan,City,42.71434,-84.55928,517,115056,48414,35563,101329851,1640233,America/Detroit
217,Sterling Heights,Macomb County,MI,Michigan,City,42.58031,-83.0302,586,132052,49444,60089,94553340,753481,America/Detroit
218,Warren,Macomb County,MI,Michigan,City,42.49982,-83.00549,586,135358,53493,43523,89052398,191291,America/Detroit
219,Minneapolis,Hennepin County,MN,Minnesota,City,44.97997,-93.26384,612,410939,168385,51480,139858340,9027529,America/Chicago
220,Rochester,Olmsted County,MN,Minnesota,City,44.02163,-92.4699,507,112225,43634,64554,141314495,403646,America/Chicago
221,St. Paul,Ramsey County,MN,Minnesota,City,44.94441,-93.09327,651,300851,112988,48757,134612878,10884750,America/Chicago
222,Columbia,Boone County,MO,Missouri,City,38.95171,-92.33407,573,119108,45024,44907,168320842,689182,America/Chicago
223,Independence,Jackson County/Clay County,MO,Missouri,City,39.08547,-94.3521,816,117255,48313,43472,201595640,1162419,America/Chicago
224,Kansas City,Cass County/Platte County/Jackson County/Clay County,MO,Missouri,City,39.12513,-94.55103,816,475378,195033,45821,815780419,10370518,America/Chicago
225,Springfield,Christian County/Greene County,MO,Missouri,City,37.19415,-93.2913,417,166810,71268,33557,213158276,1530246,America/Chicago
226,St. Louis,St. Louis city,MO,Missouri,City,38.62727,-90.19789,314,315685,139555,35599,160458044,10670040,America/Chicago
227,Jackson,Rankin County/Hinds County/Madison County,MS,Mississippi,City,32.31583,-90.21282,769,170674,62671,32250,287614760,5655837,America/Chicago
228,Billings,Yellowstone County,MT,Montana,City,45.78329,-108.50069,406,110263,44092,51012,113183020,284017,America/Denver
229,Cary,Chatham County/Wake County,NC,North Carolina,Town,35.78088,-78.81327,919,159769,56034,91579,146322917,2815890,America/New York
230,Charlotte,Mecklenburg County,NC,North Carolina,City,35.22709,-80.84313,704,827097,305488,53637,790925550,5215849,America/New York
231,Durham,Durham County/Orange County/Wake County,NC,North Carolina,City,35.98115,-78.90293,919,257636,100513,50420,284339132,2323182,America/New York
232,Fayetteville,Cumberland County,NC,North Carolina,City,35.05266,-78.87836,910,201963,78439,43630,382659645,4765966,America/New York
233,Greensboro,Guilford County,NC,North Carolina,City,36.07264,-79.79198,336,285342,114080,41628,332338206,13707999,America/New York
234,High Point,Davidson County/Randolph County/Forsyth County/Guilford County,NC,North Carolina,City,35.98998,-79.99047,336,110268,40973,42299,142972062,3925954,America/New York
235,Raleigh,Durham County/Wake County,NC,North Carolina,City,35.8306,-78.64177,919,451066,170366,55398,375740493,2876470,America/New York
236,Wilmington,New Hanover County,NC,North Carolina,City,34.22573,-77.94471,910,115933,48425,42128,133663628,3951737,America/New York
237,Winston-Salem,Forsyth County,NC,North Carolina,City,36.09986,-80.24422,336,241218,93267,39882,343173025,3173027,America/New York
238,Fargo,Cass County,ND,North Dakota,City,46.87719,-96.7898,701,118523,49962,46175,127714801,0,America/Chicago
239,Lincoln,Lancaster County,NE,Nebraska,City,40.8,-96.66696,402,277348,107574,49840,238566678,3507136,America/Chicago
240,Omaha,Douglas County,NE,Nebraska,City,41.25861,-95.93779,402,443885,173764,49896,344973715,9140906,America/Chicago
241,Manchester,Hillsborough County,NH,New Hampshire,City,42.99564,-71.45479,603,110229,45145,54282,85627013,4850146,America/New York
242,Edison,Middlesex County,NJ,New Jersey,Township,40.50399,-74.34941,848,102701,35198,90515,77862691,1630832,America/New York
243,Elizabeth,Union County,NJ,New Jersey,City,40.66399,-74.2107,908,129007,39433,43568,31905474,3459587,America/New York
244,Jersey City,Hudson County,NJ,New Jersey,City,40.72816,-74.07764,551,264290,99058,59537,38318201,16417392,America/New York
245,Newark,Essex County,NJ,New Jersey,City,40.73566,-74.17237,973,281944,92675,33139,62531085,4509710,America/New York
246,Paterson,Passaic County,NJ,New Jersey,City,40.91677,-74.17181,973,147754,43037,32915,21790122,762701,America/New York
247,Woodbridge (Township),Middlesex County,NJ,New Jersey,Township,40.56073,-74.2927,848,102105,33375,79720,60235960,3515266,America/New York
248,Albuquerque,Bernalillo County,NM,New Mexico,City,35.08449,-106.65114,505,559121,222098,47030,487357375,4655624,America/Denver
249,Las Cruces,Doña Ana County,NM,New Mexico,City,32.31232,-106.77834,575,101643,38925,41330,199270395,250842,America/Denver
250,Enterprise,Clark County,NV,Nevada,CDP,36.02525,-115.24194,702,124564,43699,68137,120207609,0,America/Los Angeles
251,Henderson,Clark County,NV,Nevada,City,36.0397,-114.98194,702,285667,104492,63120,271160947,1272345,America/Los Angeles
252,Las Vegas,Clark County,NV,Nevada,City,36.17497,-115.13722,702,623747,215614,50202,348034258,133982,America/Los Angeles
253,North Las Vegas,Clark County,NV,Nevada,City,36.19886,-115.1175,702,234807,68686,52511,253858818,112001,America/Los Angeles
254,Paradise,Clark County,NV,Nevada,CDP,36.09719,-115.14666,702,223182,88401,43911,121034884,0,America/Los Angeles
255,Reno,Washoe County,NV,Nevada,City,39.52963,-119.8138,775,241445,92283,47012,277887963,7380237,America/Los Angeles
256,Spring Valley,Clark County,NV,Nevada,CDP,36.10803,-115.245,702,183937,70748,50192,86125947,0,America/Los Angeles
257,Sunrise Manor,Clark County,NV,Nevada,CDP,36.21108,-115.07306,702,187647,60366,39586,86444651,0,America/Los Angeles
258,Amherst,Erie County,NY,New York,Town,43.01164,-78.75715,716,125109,49558,68294,137777476,1003270,America/New York
259,Babylon (Town),Suffolk County,NY,New York,Town,40.64092,-73.31669,631,213776,68789,80327,135481314,160302131,America/New York
260,Brookhaven,Suffolk County,NY,New York,Town,40.85745,-72.95984,631,489278,161116,87040,671934794,704749682,America/New York
261,Brooklyn,Kings County,NY,New York,Borough,40.62472,-73.95222,347,2636735,880727,32135,180000000,70000000,America/New York
262,Buffalo,Erie County,NY,New York,City,42.88645,-78.87837,716,258071,110549,31918,104592941,31362925,America/New York
263,Hempstead (Town),Nassau County,NY,New York,Town,40.63396,-73.6091,516,771018,241539,94999,307389025,189288363,America/New York
264,Huntington,Suffolk County,NY,New York,Town,40.88409,-73.37676,631,204398,69000,105451,243808665,111325968,America/New York
265,Islip,Suffolk County,NY,New York,Town,40.71258,-73.19552,631,336113,101387,86864,268844871,153259682,America/New York
266,Manhattan,New York County,NY,New York,Borough,40.72833,-73.99417,212,1644518,738644,47030,59100000,28000000,America/New York
267,New York City,Richmond County/Queens County/Kings County/New York County/Bronx County,NY,New York,City,40.66347,-73.9387,718,8550405,3113535,53373,780785193,431834008,America/New York
268,North Hempstead,Nassau County,NY,New York,Town,40.80336,-73.6784,516,230614,76523,104698,138598541,40538082,America/New York
269,Oyster Bay,Nassau County,NY,New York,Town,40.80049,-73.51056,516,298768,98509,112162,268689279,170041808,America/New York
270,Queens,Queens County,NY,New York,Borough,40.75,-73.86667,718,2339150,782664,42439,109000000,70000000,America/New York
271,Ramapo,Rockland County,NY,New York,Town,41.14077,-74.10498,845,135257,34566,66911,158352484,1803573,America/New York
272,Rochester,Monroe County,NY,New York,City,43.15478,-77.61556,716,209802,85741,30960,92678538,3546651,America/New York
273,Smithtown,Suffolk County,NY,New York,Town,40.91922,-73.17912,631,118275,39425,112693,139096977,149547375,America/New York
274,Staten Island,Richmond County,NY,New York,Borough,40.57628,-74.14484,718,474558,156341,55039,152000000,110000000,America/New York
275,Syracuse,Onondaga County,NY,New York,City,43.04812,-76.14742,315,144142,54781,31881,64867329,1463257,America/New York
276,The Bronx,Bronx County,NY,New York,Borough,40.83722,-73.88611,347,1455444,523690,34299,110000000,40000000,America/New York
277,Yonkers,Westchester County,NY,New York,City,40.93121,-73.89875,914,201116,73073,59049,46651457,5916223,America/New York
278,Akron,Summit County,OH,Ohio,City,41.08144,-81.51901,330,197542,83684,34512,160659689,880527,America/New York
279,Cincinnati,Hamilton County,OH,Ohio,City,39.162,-84.45689,513,298550,133039,33604,200434440,4155432,America/New York
280,Cleveland,Cuyahoga County,OH,Ohio,City,41.4995,-81.69541,216,388072,167100,26150,201255242,12332080,America/New York
281,Columbus,Delaware County/Franklin County/Fairfield County,OH,Ohio,City,39.98524,-82.98477,614,850106,334724,45659,565783587,15247719,America/New York
282,Dayton,Montgomery County,OH,Ohio,City,39.75895,-84.19161,937,140599,57316,27683,144197693,2208312,America/New York
283,Toledo,Lucas County,OH,Ohio,City,41.66394,-83.55521,419,279789,117531,33687,209065315,8887951,America/New York
284,Broken Arrow,Wagoner County/Tulsa County,OK,Oklahoma,City,36.03653,-95.781,918,106563,37246,67131,159889421,1579677,America/Chicago
285,Norman,Cleveland County,OK,Oklahoma,City,35.22257,-97.43948,405,120284,44911,51491,463011592,27576719,America/Chicago
286,Oklahoma City,Canadian County/Pottawatomie County/Oklahoma County/Cleveland County,OK,Oklahoma,City,35.46708,-97.51366,405,631346,232254,47779,1570317627,37245501,America/Chicago
287,Tulsa,Rogers County/Wagoner County/Osage County/Tulsa County,OK,Oklahoma,City,36.12795,-95.90232,918,403505,164471,42284,509834953,10955689,America/Chicago
288,Eugene,Lane County,OR,Oregon,City,44.05207,-123.08675,541,163460,66093,43101,114273476,58974,America/Los Angeles
289,Gresham,Multnomah County,OR,Oregon,City,45.49818,-122.43148,503,110553,38773,46956,60342997,532750,America/Los Angeles
290,Hillsboro,Washington County,OR,Oregon,City,45.52289,-122.98983,503,102347,35284,67757,64707200,31207,America/Los Angeles
291,Portland,Clackamas County/Multnomah County/Washington County,OR,Oregon,City,45.53695,-122.64997,503,632309,254167,55003,345657944,30147582,America/Los Angeles
292,Salem,Marion County/Polk County,OR,Oregon,City,44.92371,-123.02319,503,164549,57729,47191,125786966,1433926,America/Los Angeles
293,Allentown,Lehigh County,PA,Pennsylvania,City,40.60843,-75.49018,610,120207,41244,36930,45448161,1238395,America/New York
294,Philadelphia,Philadelphia County,PA,Pennsylvania,City,39.95234,-75.16379,445,1567442,581050,38253,347519465,22089787,America/New York
295,Pittsburgh,Allegheny County,PA,Pennsylvania,City,40.44062,-79.99589,412,304391,132468,40715,143423857,7692318,America/New York
296,Providence,Providence County,RI,Rhode Island,City,41.82399,-71.41283,401,179207,61481,37501,47655935,5618032,America/New York
297,Charleston,Berkeley County/Charleston County,SC,South Carolina,City,32.81793,-79.95896,843,132609,52450,55546,282372739,47927393,America/New York
298,Columbia,Lexington County/Richland County,SC,South Carolina,City,34.0291,-80.89804,803,133803,44506,41260,345805347,6998722,America/New York
299,North Charleston,Dorchester County/Berkeley County/Charleston County,SC,South Carolina,City,32.91782,-80.06503,843,108304,37597,39543,190807625,8969264,America/New York
300,Sioux Falls,Minnehaha County/Lincoln County,SD,South Dakota,City,43.53834,-96.732,605,171544,65538,52494,195275757,1354349,America/Chicago
301,Chattanooga,Hamilton County,TN,Tennessee,City,35.04563,-85.30968,423,176588,70228,40177,370573763,19930234,America/New York
302,Clarksville,Montgomery County,TN,Tennessee,City,36.52977,-87.35945,931,149176,51776,46947,254527982,1754875,America/Chicago
303,Knoxville,Knox County,TN,Tennessee,City,35.96064,-83.92074,865,185291,81073,34226,255161763,14631856,America/New York
304,Memphis,Shelby County,TN,Tennessee,City,35.14953,-90.04898,901,655770,249775,36445,822013083,23171205,America/Chicago
305,Murfreesboro,Rutherford County,TN,Tennessee,City,35.84562,-86.39027,615,126118,44518,51094,144718226,387261,America/Chicago
306,Nashville,Davidson County,TN,Tennessee,Metropolitan Government,36.16913,-86.78479,615,678889,248677,41759,1304953365,56649279,America/Chicago
307,Abilene,Jones County/Taylor County,TX,Texas,City,32.45451,-99.73815,325,121721,42348,43189,276322592,14012163,America/Chicago
308,Amarillo,Randall County/Potter County,TX,Texas,City,35.19988,-101.8302,806,198645,74769,47735,262507124,4049009,America/Chicago
309,Arlington,Tarrant County,TX,Texas,City,32.73569,-97.10807,682,388125,133808,53326,248200304,9682817,America/Chicago
310,Austin,Hays County/Williamson County/Travis County,TX,Texas,City,30.30394,-97.75436,512,931830,351195,57689,809976356,17536404,America/Chicago
311,Beaumont,Jefferson County,TX,Texas,City,30.08605,-94.10185,409,118129,46193,40992,212750142,7553306,America/Chicago
312,Brownsville,Cameron County,TX,Texas,City,25.90175,-97.49748,956,183887,51563,32894,343092656,35763836,America/Chicago
313,Carrollton,Collin County/Denton County/Dallas County,TX,Texas,City,32.98836,-96.89977,972,133168,45263,69368,93959417,2048329,America/Chicago
314,College Station,Brazos County,TX,Texas,City,30.62798,-96.33441,979,107889,36175,34186,132070745,369349,America/Chicago
315,Corpus Christi,Aransas County/Kleberg County/Nueces County/San Patricio County,TX,Texas,City,27.75425,-97.17339,361,324074,114817,50658,452109961,852118618,America/Chicago
316,Dallas,Rockwall County/Kaufman County/Collin County/Denton County/Dallas County,TX,Texas,City,32.79333,-96.76651,972,1300092,477249,43781,882933616,113644009,America/Chicago
317,Denton,Denton County,TX,Texas,City,33.21484,-97.13307,940,131044,43745,49100,241927463,4345974,America/Chicago
318,El Paso,El Paso County,TX,Texas,City,31.75872,-106.48693,915,681124,220682,42772,665041415,2247591,America/Denver
319,Fort Worth,Parker County/Johnson County/Tarrant County/Wise County/Denton County,TX,Texas,City,32.78152,-97.34675,682,833319,273457,53214,888054781,21556246,America/Chicago
320,Frisco,Collin County/Denton County,TX,Texas,City,33.15543,-96.8226,972,154407,45452,114098,175272056,1449212,America/Chicago
321,Garland,Rockwall County/Collin County/Dallas County,TX,Texas,City,32.90983,-96.63033,972,236897,74912,51970,147728408,324680,America/Chicago
322,Grand Prairie,Tarrant County/Ellis County/Dallas County,TX,Texas,City,32.68695,-97.0211,972,187809,59196,56475,187154949,23055080,America/Chicago
323,Houston,Fort Bend County/Harris County/Montgomery County,TX,Texas,City,29.78664,-95.3909,832,2296224,814599,46187,1651228436,73316071,America/Chicago
324,Irving,Dallas County,TX,Texas,City,32.81402,-96.94889,972,236607,83649,52154,173638538,2582657,America/Chicago
325,Killeen,Bell County,TX,Texas,City,31.11712,-97.7278,254,140806,46952,47763,138670219,1727829,America/Chicago
326,Laredo,Webb County,TX,Texas,City,27.50641,-99.50754,956,255473,66308,39711,261900969,3788915,America/Chicago
327,Lewisville,Denton County/Dallas County,TX,Texas,City,33.04655,-96.98183,972,104039,38430,57267,94986734,15721445,America/Chicago
328,Lubbock,Lubbock County,TX,Texas,City,33.57786,-101.85517,806,249042,90433,44648,322793416,2955879,America/Chicago
329,McAllen,Hidalgo County,TX,Texas,City,26.20341,-98.23001,956,140269,42225,44254,151143159,1038050,America/Chicago
330,McKinney,Collin County,TX,Texas,City,33.19762,-96.61527,972,162898,50455,81459,163107658,1741187,America/Chicago
331,Mesquite,Kaufman County/Dallas County,TX,Texas,City,32.76288,-96.58877,972,144788,47795,49604,122320600,479994,America/Chicago
332,Midland,Martin County/Midland County,TX,Texas,City,32.02464,-102.11347,432,132950,43214,69173,192622240,460027,America/Chicago
333,Odessa,Midland County/Ector County,TX,Texas,City,31.88378,-102.34106,432,118968,39057,59337,117009169,667150,America/Chicago
334,Pasadena,Harris County,TX,Texas,City,29.69106,-95.2091,832,153784,49256,48004,112645407,3870729,America/Chicago
335,Pearland,Fort Bend County/Harris County/Brazoria County,TX,Texas,City,29.55576,-95.32307,832,108821,34776,95972,119994309,454012,America/Chicago
336,Plano,Collin County/Denton County,TX,Texas,City,33.05077,-96.74794,972,283558,103937,83793,185617682,927319,America/Chicago
337,Richardson,Collin County/Dallas County,TX,Texas,City,32.97229,-96.70807,972,110815,40020,72427,73982785,234329,America/Chicago
338,Round Rock,Williamson County/Travis County,TX,Texas,City,30.52524,-97.66595,512,115997,35580,72412,92117027,781179,America/Chicago
339,San Angelo,Tom Green County,TX,Texas,City,31.46377,-100.43704,325,100450,36409,44802,155255892,5940332,America/Chicago
340,San Antonio,Bexar County/Comal County/Medina County,TX,Texas,City,29.4724,-98.52514,210,1469845,488645,46744,1193951388,14825948,America/Chicago
341,The Woodlands,Harris County/Montgomery County,TX,Texas,CDP,30.17256,-95.50981,832,102911,38114,109917,111856589,1380351,America/Chicago
342,Tyler,Smith County,TX,Texas,City,32.35126,-95.30106,903,103700,37644,42840,146667943,1327654,America/Chicago
343,Waco,McLennan County,TX,Texas,City,31.54933,-97.14667,254,132356,46719,33147,230561142,31850141,America/Chicago
344,Wichita Falls,Wichita County,TX,Texas,City,33.91371,-98.49339,940,104710,37200,44543,187027492,61486,America/Chicago
345,Provo,Utah County,UT,Utah,City,40.23384,-111.65853,385,115264,32506,41291,107922719,6474977,America/Denver
346,Salt Lake City,Salt Lake County,UT,Utah,City,40.76078,-111.89105,385,192672,75330,47243,288044514,1216737,America/Denver
347,West Jordan,Salt Lake County,UT,Utah,City,40.60967,-111.9391,385,111946,31742,68442,83717638,0,America/Denver
348,West Valley City,Salt Lake County,UT,Utah,City,40.69161,-112.00105,385,136208,36213,52534,91854060,136726,America/Denver
349,Alexandria,Alexandria city,VA,Virginia,City,38.80484,-77.04692,571,153511,66879,89134,38977688,1127171,America/New York
350,Arlington,Arlington County,VA,Virginia,CDP,38.89039,-77.08414,571,220173,98441,105763,67318429,244142,America/New York
351,Chesapeake,Chesapeake city,VA,Virginia,City,36.81904,-76.27494,757,235429,81518,68620,876737780,32210024,America/New York
352,Hampton,Hampton city,VA,Virginia,City,37.02987,-76.34522,757,136454,52940,49190,133308913,219591352,America/New York
353,Newport News,Newport News city,VA,Virginia,City,36.97876,-76.428,757,182385,69073,50077,178921044,130901482,America/New York
354,Norfolk,Norfolk city,VA,Virginia,City,36.84681,-76.28522,757,246393,87045,44480,137985835,111697132,America/New York
355,Richmond,Richmond city,VA,Virginia,City,37.55376,-77.46026,804,220289,87224,40758,154942138,6879776,America/New York
356,Virginia Beach,Virginia Beach city,VA,Virginia,City,36.85293,-75.97799,757,452745,166242,66634,633821720,654694207,America/New York
357,Bellevue,King County,WA,Washington,City,47.61038,-122.20068,425,139820,54216,94638,86712345,649599,America/Los Angeles
358,Everett,Snohomish County,WA,Washington,City,47.97898,-122.20208,425,108010,42079,49578,86145342,38944936,America/Los Angeles
359,Kent,King County,WA,Washington,City,47.38093,-122.23484,253,126952,42233,60191,87393046,1737187,America/Los Angeles
360,Renton,King County,WA,Washington,City,47.48288,-122.21707,425,100242,37994,64802,60663567,511360,America/Los Angeles
361,Seattle,King County,WA,Washington,City,47.60621,-122.33207,206,684451,296633,70594,217138889,152104725,America/Los Angeles
362,Spokane,Spokane County,WA,Washington,City,47.65878,-117.42605,509,213272,87623,42386,178034003,1984449,America/Los Angeles
363,Tacoma,Pierce County,WA,Washington,City,47.25288,-122.44429,253,207948,79026,52042,128821146,32854483,America/Los Angeles
364,Vancouver,Clark County,WA,Washington,City,45.63873,-122.66149,360,172860,66417,50626,121557343,9484341,America/Los Angeles
365,Green Bay,Brown County,WI,Wisconsin,City,44.51916,-88.01983,920,105207,42308,42826,117673093,27054147,America/Chicago
366,Madison,Dane County,WI,Wisconsin,City,43.07305,-89.40123,608,248951,104087,54896,199339279,44491310,America/Chicago
367,Milwaukee,Milwaukee County/Washington County/Waukesha County,WI,Wisconsin,City,43.06335,-87.9667,414,600155,230807,35958,249128870,1720458,America/Chicago
